peers_num, iterations, deployment_gas_used, deployment_time, changes_gas_used, changes_time
2, 5, 3064800, 28.1467s, 1937931, 154.104181s
4, 5, 3155690, 35.129s, 2792141, 147.106745s
6, 5, 3246580, 35.1425s, 3345483, 147.170088s
8, 5, 3337470, 35.1526s, 4164246, 147.108759s
10, 5, 3428360, 35.1504s, 4777491, 147.110761s
