peers_num, iterations, deployment_gas_used, deployment_time, changes_gas_used, changes_time
2, 1, 1577845, 14.05918s, 287321, 35.027149s
3, 1, 1623290, 14.058859s, 319494, 35.025079s
4, 1, 1668735, 14.059135s, 396980, 35.016741s
5, 1, 1714180, 14.077159s, 429153, 35.021927s
6, 1, 1759637, 14.059742s, 506639, 35.020123s
7, 1, 1805082, 14.072184s, 538812, 35.012531s
8, 1, 1850527, 14.070219s, 616298, 35.008532s
9, 1, 1895972, 14.069109s, 648471, 35.009999s
10, 1, 1941417, 14.069473s, 725957, 35.001218s