peers_num, iterations, deployment_gas_used, deployment_time, changes_gas_used, changes_time
2, 5, 1577845, 14.086099s, 996389, 154.172472s
3, 5, 1623290, 14.064309s, 1157254, 154.100739s
5, 5, 1714180, 14.072402s, 1697549, 154.237644s
8, 5, 1850527, 14.086301s, 2617274, 154.242968s
10, 5, 1941417, 14.082262s, 3157569, 154.244568s
